,Title,Published_date,Views,Likes,Comments,Month
0,Escobar launched a new product - it‚Äôs their WORST ever.,2022-01-22,2483682,152045,8585,Jan
1,21 HEAVENLY Inventions to save the WORLD.,2022-01-15,2985840,195995,10661,Jan
2,Realme GT 2 Pro - The Record-Breaking 2022 Flagship‚ö°Ô∏è,2022-01-05,3076897,157516,9926,Jan
3,19 TOXIC Tech Fails that will last Forever.,2021-12-31,5217651,229225,11854,Dec
4,50 Facts about me | Mrwhosetheboss,2021-12-24,3595655,291522,11343,Dec
5,Oppo Find N Unboxing - Did they just kill Samsung!?,2021-12-15,4283028,192168,11738,Dec
6,I bought the BIGGEST Tech in the world.,2021-12-04,4711928,245854,18646,Dec
7,Unboxing WORLD'S FIRST Next-Gen 2022 phone.,2021-11-30,2478190,159398,13675,Nov
8,How this Robot changed my life. ü§ñ,2021-11-28,1473923,101984,6145,Nov
9,The BEST Smartphones of 2021 üî•,2021-11-26,3218259,179790,12491,Nov
10,I tested 15 Gadgets from the FUTURE.,2021-11-21,5349094,246893,9535,Nov
11,Unboxing a phone from Space.,2021-11-19,4484987,227277,13047,Nov
12,The Metaverse could be a problem.,2021-11-13,3428672,215710,32611,Nov
13,The most PRO phone money can buy.,2021-11-07,4342932,224284,14999,Nov
14,Galaxy S22 Ultra - Samsung's FINALLY doing it.,2021-10-30,5845625,230771,14358,Oct
15,Huawei is BACK....But there's a problem üíÄ,2021-10-26,2929045,158654,10993,Oct
16,Google Pixel 6 Pro vs iPhone 13 Pro CAMERA Test.,2021-10-25,5348023,226491,14083,Oct
17,I'm worried about humanity's future.,2021-10-16,3836932,330645,31958,Oct
18,25 Inventions that are Out of this World. üåè,2021-10-06,4988767,232410,14583,Oct
19,Vivo X70 Pro Plus - SO MUCH Camera üòÇ,2021-09-30,3620270,187352,12091,Sep
20,iPhone 13 PRO Review - The Final Verdict.,2021-09-28,3120504,155244,14187,Sep
21,iPhone 13 Pro Max vs 13 Pro / 13 / 13 Mini / 12 / 11 / SE - Battery Life DRAIN TEST,2021-09-24,8141356,263482,25184,Sep
22,iPhone 13 Pro Max vs Samsung Galaxy S21 Ultra CAMERA TEST üî•,2021-09-22,7090814,289336,25621,Sep
23,iPhone 13 Unboxing - Are they ACTUALLY Good!?,2021-09-21,4341213,216387,19969,Sep
24,iPhone 13 - What was Apple Thinking?,2021-09-15,7085043,320229,21145,Sep
25,What you didn't know about Tesla.,2021-09-09,3519948,219879,10782,Sep
26,How Tech Companies Manipulate the Media ft. MKBHD,2021-08-31,4708272,341805,14732,Aug
27,I bought the CHEAPEST Tech in the World üåç,2021-08-22,7384598,260825,11534,Aug
28,Why Samsung is losing to Xiaomi.,2021-08-14,2905463,171701,24416,Aug
29,Galaxy Z Fold 3 - What was Samsung Thinking!?,2021-08-11,4428554,201777,13022,Aug
30,24 HOTTEST Inventions that will change your Life.,2021-08-08,6475168,304047,12930,Aug
31,Calyx OS - The next big Android Competitor!?,2021-08-01,3643940,198063,11842,Aug
32,Nothing Ear 1 Review - The Problem with Hype.,2021-07-29,2841236,169490,9692,Jul
33,Do NOT buy the Freedom Phone!! ü§¨,2021-07-24,3960684,234717,19402,Jul
34,22 NIGHTMARE Tech FAILS they want us to forget.,2021-07-22,8022889,284478,17741,Jul
35,Dear Apple.,2021-07-10,4453684,242122,24457,Jul
36,How many Spy Cameras are Recording you right now?,2021-07-01,3817202,226940,10525,Jul
37,Who has the WORST Customer Service?,2021-06-24,3601816,211715,15403,Jun
38,STOP Buying this Tech Scam.,2021-06-16,4535361,240900,16218,Jun
39,OnePlus Nord CE Unboxing!,2021-06-10,2477779,149319,13260,Jun
40,How Cryptocurrency ACTUALLY works.,2021-06-06,5037018,250158,40375,Jun
41,I bought the SMALLEST Tech in the world.,2021-06-03,11598722,378499,18321,Jun
42,The BEST Smartphones of 2021! (Mid Year),2021-05-21,8607620,282550,20964,May
43,Zenfone 8 - The most boring INCREDIBLE phone ever.,2021-05-12,3370026,189051,12927,May
44,How THIS instagram story kills your phone.,2021-05-06,10372904,583544,31557,May
45,20 Next-Level Inventions you didn't think were Possible.,2021-05-04,4718071,305457,13350,May
46,"The $200,000 Smartphone Unboxing üíÄ",2021-04-29,8739926,380754,20650,Apr
47,15 Smartphone Gadgets that'll SHOCK you! ‚ö†Ô∏è,2021-04-22,6510357,242330,11283,Apr
48,Mi 11 Ultra Review - Xiaomi just KILLED Samsung!?,2021-04-12,11592567,397349,31073,Apr
49,The Thinnest Smartphone in the World.,2021-04-04,13642611,458681,17587,Apr
50,Vivo X60 Pro Plus - This is getting Ridiculous! üòÇ,2021-03-25,3786977,185130,12173,Mar
51,OnePlus 9 Pro vs Samsung S21 Ultra Camera Test Comparison.,2021-03-24,3227142,155622,11586,Mar
52,OnePlus 9 & 9 Pro REVIEW,2021-03-23,2319835,117920,8840,Mar
53,if smartphone commercials were EXTREMELY honest.,2021-03-20,3842538,281547,23342,Mar
54,Oppo Find X3 Pro Review - wait WHAT!?,2021-03-11,3167103,143927,9977,Mar
55,ROG Phone 5 Ultimate Unboxing - So Fast it's Funny.,2021-03-10,4543589,237735,18483,Mar
56,A Fascinating Smartphone Gadget - Insta 360 GO 2 üòà,2021-03-09,2100000,141550,9751,Mar
57,Can you ACTUALLY trust Mrwhosetheboss?,2021-03-05,2578239,245841,23993,Mar
58,Why does nobody buy LG Smartphones?,2021-03-02,3585040,176706,20078,Mar
59,21 HORRIFIC Tech Fails they want you to forget.,2021-02-26,12984034,417990,26437,Feb
60,What you didn't know about Xiaomi.,2021-02-18,4574037,229105,13000,Feb
61,The REAL reason you don‚Äôt get a charger anymore.,2021-02-11,7420093,445925,41877,Feb
62,I bought the strangest smartphones ever.,2021-02-07,8563584,314060,12678,Feb
63,Galaxy S21 Ultra - Exynos vs Snapdragon.,2021-02-05,3085742,174723,14715,Feb
64,DON'T buy this Smartphone.,2021-01-31,3468173,178195,16181,Jan
65,"The Truth about Xiaomi ""Air Charging""",2021-01-30,3339540,181062,11057,Jan
66,Samsung S21 Ultra vs iPhone Battery Life Test!,2021-01-22,4710854,160803,13577,Jan
67,Samsung Galaxy S21 Ultra vs iPhone 12 Pro Max Camera Test Comparison.,2021-01-21,11447422,357343,24106,Jan
68,The Galaxy S21 Ultra is Better than you think.,2021-01-16,5438985,204045,16690,Jan
69,Xiaomi Mi 11 Unboxing & Review.,2021-01-10,5451994,237652,17625,Jan
70,Beware of Fake Reviewers! ‚ö†Ô∏è,2021-01-09,3018645,210193,14218,Jan
71,DON'T buy a Screen Protector before watching this.,2021-01-06,6147837,262780,21429,Jan
72,What happened to Beats by Dre?,2021-01-02,3696544,204709,12832,Jan
73,I switched to iPhone - This is what I found out.,2020-12-23,4662675,198413,21930,Dec
74,World's Biggest Smartphone Collection?,2020-12-20,5042502,387423,29162,Dec
75,15 Smartphone FAILS to ruin your day üòÇ,2020-12-17,7931881,260845,12557,Dec
76,Are Linux Smartphones about to KILL Android?,2020-12-10,5865667,255886,21299,Dec
77,"Unboxing the $122,000 Smartphone. ü§Ø",2020-12-05,8256652,402058,21967,Dec
78,The Fastest Android Phone Ever.,2020-12-02,2783780,154130,9520,Dec
79,"""Smartphones are Boring now.""",2020-11-28,3435683,175963,12090,Nov
80,Apple is not what it used to be.,2020-11-22,2628320,152763,13266,Nov
81,The Self-Healing Smartphones!,2020-11-19,6337033,253481,10524,Nov
82,The BEST Smartphone of 2020  üèÜ,2020-11-14,5084012,217449,16211,Nov
83,iPhone 12 Pro Max vs Samsung Note 20 Ultra / Huawei / Xiaomi / OnePlus Battery Life DRAIN Test.,2020-11-11,2784344,110745,10082,Nov
84,iPhone 12 Pro Max vs Samsung Note 20 Ultra / Huawei Mate 40 Pro Camera Test Comparison.,2020-11-10,3884914,149126,11604,Nov
85,iPhone 12 Pro Max Unboxing & Review!,2020-11-09,3024331,131446,8144,Nov
86,19 Smartphone Gadgets that Blew me Away.,2020-10-31,3720484,164311,7199,Oct
87,iPhone 12 vs iPhone 12 Pro / 11 Pro Max / 11 Pro / 11 / XR / SE Battery Life DRAIN Test.,2020-10-23,5940364,178310,15268,Oct
88,Huawei Mate 40 Pro Unboxing - WHAT.,2020-10-22,4135149,180050,12671,Oct
89,iPhone 12 Pro vs iPhone 12 vs iPhone 11 Pro Camera Test Comparison.,2020-10-21,3235493,118749,9383,Oct
90,iPhone 12 / 12 Pro Unboxing - ft MKBHD!,2020-10-20,4196461,204867,20319,Oct
91,OnePlus 8T vs Google Pixel 5 - The Brutal Truth.,2020-10-14,3651784,135229,9035,Oct
92,iPhone 12 - What were Apple thinking?,2020-10-14,5375895,246534,23408,Oct
93,if smartphone commercials were honest.,2020-10-08,5285420,432445,36160,Oct
94,The Problem with Fast Chargers.,2020-10-04,3376637,224185,11890,Oct
95,Is Samsung about to take over?,2020-09-28,3829452,180975,16607,Sep
96,6G - Explained!,2020-09-25,5826947,279533,22540,Sep
97,Why Samsung's Transparent Phone will fail.,2020-09-22,9684559,384498,25134,Sep
98,14 MEGA Smartphone Fails we‚Äôll never forget.,2020-09-17,8234550,265606,13422,Sep
99,Huawei is replacing Android.,2020-09-11,3381465,161614,15215,Sep
